"","r.squared","adj.r.squared","sigma","statistic","p.value","df"
"1",0.950745994068325,0.947533776290172,9232.33483700269,295.978062426101,4.52850632017206e-30,4
