"","r.squared","adj.r.squared","sigma","statistic","p.value","df"
"1",0.950752484335515,0.945156175737278,9439.20697314457,169.889216730299,1.33954740687032e-27,6
