"","r.squared","adj.r.squared","sigma","statistic","p.value","df"
"1",0.946535316080439,0.945421468498782,9416.34944121289,849.788904395608,3.5003222436903e-32,2
