"","r.squared","adj.r.squared","sigma","statistic","p.value","df"
"1",0.950450301555976,0.948341803749848,9160.96581631832,450.771302105864,2.15508234952184e-31,3
