"","names","x"
"1","4",173981.087289013
"2","5",172655.638294541
"3","8",160250.020750651
"4","11",135513.899440935
"5","16",146059.361208703
"6","20",114151.026047729
"7","21",117081.624376537
"8","24",110671.313743947
"9","31",98975.2939884832
"10","32",96867.0305670216
