"","term","estimate","std.error","statistic","p.value"
"1","(Intercept)",184166.666666669,67768.0367043107,2.71760369081128,0.0418944627712429
"2","Level",-211002.331002335,76382.1668325101,-2.76245542320131,0.0397188547359548
"3","Level2",94765.442890444,26454.1727405642,3.58224934190184,0.0158371684973931
"4","Level3",-15463.2867132868,3534.98863033932,-4.3743526020344,0.00719261264889627
"5","Level4",890.15151515152,159.803254908068,5.5702965228312,0.00256766329159356
